bold_column,corr_total_time
lang_LH_AntTemp,-0.015337774684526177
lang_LH_IFG,-0.029538636186101634
lang_LH_IFGorb,-0.017876044474565585
lang_LH_MFG,0.02913110550661283
lang_LH_PostTemp,0.021588762415558706
lang_LH_netw,0.0046387568929954996
