bold_column,corr_total_time
lang_LH_AntTemp,0.03774806751948708
lang_LH_IFG,0.03310136005934779
lang_LH_IFGorb,0.030659819966646157
lang_LH_MFG,-0.018134415597331054
lang_LH_PostTemp,0.03824248762742557
lang_LH_netw,0.036235908334126245
