bold_column,corr_total_time
lang_LH_AntTemp,-0.04014875000196913
lang_LH_IFG,-0.03329723405524012
lang_LH_IFGorb,-0.028142686189003726
lang_LH_MFG,-0.0428081613269599
lang_LH_PostTemp,-0.022158146772475247
lang_LH_netw,-0.03381462943458929
