Fold,Validation MAE,Validation Corr
1,0.15984602272510529,0.19070477783679962
2,0.12802137434482574,0.26388663053512573
3,0.11189810931682587,0.15476682782173157
4,0.10986093431711197,0.2596650719642639
5,0.1097937598824501,0.34002813696861267
Average,0.1238840401172638,0.2418102890253067
