Fold,Validation MAE,Validation Corr
1,0.11645398288965225,0.3190514147281647
2,0.13874898850917816,0.29218971729278564
3,0.12588092684745789,0.2070055902004242
4,0.1291358321905136,0.15939562022686005
5,0.12913410365581512,0.3561069071292877
Average,0.1278707668185234,0.26674984991550443
