Fold,Validation Loss,Validation MAE,Validation Corr
1,0.017780032008886337,0.10029635578393936,0.07247468829154968
2,0.021845677867531776,0.12077406793832779,-0.006031358614563942
3,0.01735064946115017,0.10257391631603241,0.043040357530117035
4,0.0254750307649374,0.13313913345336914,0.010155399329960346
5,0.01771022379398346,0.10460738092660904,0.2145041823387146
Average,0.02003232277929783,0.11227817088365555, 0.06
