Fold,Validation Loss,Validation MAE,Validation Corr
1,0.028633613139390945,0.13062548637390137,0.2577783167362213
2,0.027433272451162338,0.1367083340883255,0.36626484990119934
3,0.024153809994459152,0.11986272037029266,0.22659309208393097
4,0.029265642166137695,0.13886758685112,0.29737040400505066
5,0.033457621932029724,0.1372833549976349,0.1828029751777649
Average,0.028588791936635972,0.13266949653625487, 0.26
