Fold,Validation MAE,Validation Corr
1,0.10799761116504669,0.3093903660774231
2,0.12637439370155334,0.08628083020448685
3,0.1194397434592247,0.21550723910331726
4,0.10821712017059326,0.18719512224197388
5,0.10445872694253922,0.19089093804359436
Average,0.11329751908779144,0.1978528991341591
