Fold,Validation Loss,Validation MAE,Validation Corr
1,0.017440522089600563,0.09920723736286163,0.05490861088037491
2,0.015351149253547192,0.10343971103429794,0.10745697468519211
3,0.012816017493605614,0.09070036560297012,0.19469517469406128
4,0.0243690125644207,0.13483671844005585,0.1201360896229744
5,0.019675755873322487,0.10781049728393555,0.0844588354229927
Average,0.017930491454899312,0.10719890594482422, 0.10
