Fold,Validation MAE,Validation Corr
1,0.11657246202230453,0.325132817029953
2,0.12974712252616882,0.3295227885246277
3,0.11365596950054169,0.17225268483161926
4,0.1287676990032196,0.23808656632900238
5,0.1186574324965477,0.337834894657135
Average,0.12148013710975647,0.28056595027446746
