Fold,Validation Loss,Validation MAE,Validation Corr
1,0.029076779261231422,0.12813885509967804,0.1789514422416687
2,0.02948436513543129,0.13410665094852448,0.18985316157341003
3,0.026439491659402847,0.13222286105155945,0.0743831992149353
4,0.0359521321952343,0.15313731133937836,0.20772938430309296
5,0.0345134362578392,0.14762350916862488,0.013799571432173252
Average,0.03109324090182781,0.13904583752155303, 0.12
