Fold,Validation Loss,Validation MAE,Validation Corr
1,0.017079085111618042,0.0978463739156723,0.10047125071287155
2,0.01497926376760006,0.09953979402780533,0.2220926582813263
3,0.013400119729340076,0.09229676425457001,0.182303324341774
4,0.019885655492544174,0.11632426828145981,0.1473248302936554
5,0.019755404442548752,0.10820139944553375,0.10773013532161713
Average,0.017019905708730222,0.10284171998500824, 0.148
