Fold,Validation MAE,Validation Corr
1,0.13121038675308228,0.15814362466335297
2,0.13153083622455597,0.35251888632774353
3,0.11515374481678009,0.237507626414299
4,0.1368267983198166,0.20394225418567657
5,0.14261770248413086,0.17280898988246918
Average,0.13146789371967316,0.22498427629470824
